"","type1","total","hp","attack","defense","sp_attack","sp_defense","speed","generation","pokemon.legendary"
"1","rock","440",70,55,65,95,85,70,3,"False"
"2","dragon","600",80,80,90,110,130,110,3,"True"
"3","water","535",130,85,80,85,95,60,1,"False"
"4","normal","452",71,82,64,64,59,112,4,"False"
"5","ice","580",90,85,100,95,125,85,1,"True"
"6","grass","570",59,181,131,59,31,109,7,"False"
"7","psychic","475",70,55,65,95,105,85,8,"False"
"8","ice","540",105,160,55,30,55,135,8,"False"
"9","grass","528",75,75,95,75,95,113,5,"False"
"10","grass","305",44,50,91,24,86,10,5,"False"
"11","ghost","308",40,45,45,74,54,50,8,"False"
"12","steel","600",135,143,143,80,65,34,0,"True"
"13","water","430",60,50,100,85,70,65,3,"False"
"14","dark","265",45,45,30,55,40,50,8,"False"
"15","ghost","494",85,100,122,58,75,54,6,"False"
"16","normal","349",63,60,55,50,50,71,1,"False"
"17","ghost","498",150,80,44,90,54,80,4,"False"
"18","fire","309",39,52,43,73,50,65,2,"False"
"19","psychic","680",137,113,89,137,107,97,7,"True"
"20","water","480",80,80,80,80,80,80,4,"True"
"21","grass","334",60,62,50,62,60,40,4,"False"
"22","dark","480",50,85,125,85,115,20,3,"False"
"23","flying","535",85,70,80,97,80,123,6,"False"
"24","fighting","625",70,145,88,140,70,112,4,"False"
"25","normal","250",59,45,40,35,40,31,4,"False"
"26","fighting","490",100,120,90,40,60,80,7,"False"
"27","steel","570",97,101,103,107,101,61,7,"False"
"28","dragon","420",55,75,90,65,70,65,7,"False"
"29","grass","530",100,125,90,60,70,85,8,"False"
"30","rock","300",50,64,50,45,50,41,2,"False"
"31","psychic","460",40,45,65,100,120,90,1,"False"
"32","normal","215",35,46,34,35,45,20,2,"False"
"33","electric","520",50,65,107,105,107,86,4,"False"
"34","normal","290",40,45,35,40,40,90,1,"False"
"35","fire","600",91,90,106,130,106,77,4,"True"
"36","electric","480",60,50,70,80,80,140,1,"False"
"37","dragon","320",46,87,60,30,40,57,5,"False"
"38","fire","420",65,85,50,80,50,90,7,"False"
"39","poison","490",65,90,120,85,70,60,8,"False"
"40","ground","330",90,60,60,40,40,40,2,"False"
"41","normal","330",60,80,50,50,50,40,2,"False"
"42","ground","300",50,75,85,20,30,40,1,"False"
"43","ghost","295",44,75,35,63,33,45,3,"False"
"44","psychic","590",55,50,65,175,95,150,1,"False"
"45","grass","310",40,45,35,65,55,70,3,"False"
"46","poison","329",63,63,47,41,41,74,4,"False"
"47","fire","409",59,59,58,90,70,73,6,"False"
"48","dark","420",72,85,70,65,70,58,5,"False"
"49","steel","300",40,55,80,35,60,30,3,"False"
"50","normal","720",120,120,120,120,120,120,4,"True"
"51","fire","600",80,110,120,130,90,70,6,"True"
"52","electric","485",60,90,55,90,80,110,1,"False"
"53","normal","590",105,125,100,60,100,100,1,"False"
"54","rock","580",91,129,90,72,90,108,5,"True"
"55","grass","405",60,62,80,70,80,60,2,"False"
"56","steel","380",50,85,85,55,55,50,3,"False"
"57","electric","481",62,55,52,109,94,109,6,"False"
"58","fighting","310",50,82,60,50,50,32,8,"False"
"59","normal","442",65,90,65,61,61,100,1,"False"
"60","water","475",111,83,68,92,82,39,4,"False"
"61","water","405",59,63,80,65,80,58,1,"False"
"62","ground","265",10,55,30,35,45,90,7,"False"
"63","grass","405",60,45,80,90,100,30,7,"False"
"64","flying","580",79,100,80,110,90,121,5,"True"
"65","grass","475",70,115,60,95,60,55,3,"False"
"66","water","580",100,75,115,90,115,85,2,"True"
"67","normal","500",90,130,75,75,75,55,2,"False"
"68","psychic","500",55,50,45,135,95,120,1,"False"
"69","water","570",70,75,115,95,130,85,7,"True"
"70","dragon","300",58,70,45,40,45,42,4,"False"
"71","water","485",90,115,90,48,68,74,8,"False"
"72","dark","500",75,90,50,110,80,95,2,"False"
"73","rock","495",86,81,97,81,107,43,3,"False"
"74","rock","280",45,65,40,30,40,60,7,"False"
"75","water","480",75,105,75,105,75,45,2,"False"
"76","ghost","320",55,55,80,70,45,15,7,"False"
"77","psychic","490",72,58,80,103,80,97,5,"False"
"78","water","325",65,45,55,45,70,45,1,"False"
"79","water","315",90,65,65,40,40,15,1,"False"
"80","normal","490",105,95,80,40,80,90,1,"False"
"81","bug","285",35,70,55,45,55,25,1,"False"
"82","fire","534",76,104,71,104,71,108,4,"False"
"83","water","410",55,60,130,30,130,5,7,"False"
"84","psychic","600",50,95,90,95,90,180,3,"True"
"85","grass","525",95,109,105,75,85,56,4,"False"
"86","steel","300",40,55,70,45,60,30,5,"False"
"87","bug","450",70,65,60,90,75,90,1,"False"
"88","ice","480",105,140,55,30,55,95,8,"False"
"89","water","269",55,40,52,40,72,27,7,"False"
"90","dragon","486",54,100,71,61,85,115,6,"True"
"91","water","385",65,65,65,50,50,90,1,"False"
"92","water","520",60,75,85,100,85,115,1,"False"
"93","bug","500",75,103,80,70,80,92,5,"False"
"94","fairy","323",70,45,48,60,65,35,1,"False"
"95","dark","290",40,35,35,50,40,90,7,"False"
"96","water","535",130,85,80,85,95,60,1,"False"
"97","bug","236",1,90,45,30,30,40,3,"False"
"98","electric","365",70,55,55,80,60,45,2,"False"
"99","normal","420",60,85,69,60,69,77,5,"False"
"100","normal","240",38,30,41,30,41,60,3,"False"
"101","ice","485",95,110,80,70,80,50,5,"False"
"102","water","305",30,65,100,45,25,40,1,"False"
"103","fire","405",58,64,58,78,65,80,2,"False"
"104","psychic","290",45,30,50,55,65,45,5,"False"
"105","bug","200",38,35,40,27,25,35,6,"False"
"106","fire","310",50,71,40,40,40,69,8,"False"
"107","poison","494",65,75,90,97,123,44,6,"False"
"108","rock","410",70,84,70,65,70,51,2,"False"
"109","psychic","680",137,137,107,113,89,97,7,"True"
"110","fire","484",85,97,66,105,66,65,5,"False"
"111","bug","304",40,45,40,55,40,84,7,"False"
"112","water","500",90,75,75,90,100,70,2,"False"
"113","water","420",100,69,69,91,81,50,7,"False"
"114","electric","242",40,38,35,54,35,40,8,"False"
"115","fairy","552",78,65,68,112,154,75,6,"False"
"116","poison","490",95,100,95,100,70,30,8,"False"
"117","fire","498",75,98,63,98,63,101,5,"False"
"118","fairy","485",51,52,90,82,110,100,7,"False"
"119","rock","510",110,80,120,80,90,30,8,"False"
"120","poison","340",40,65,95,60,45,35,1,"False"
"121","grass","461",75,86,67,106,67,60,5,"False"
"122","dark","281",41,50,37,50,37,66,5,"False"
"123","normal","600",100,77,77,128,128,90,5,"True"
"124","water","295",30,40,70,70,25,60,1,"False"
"125","poison","302",70,43,53,43,53,40,3,"False"
"126","ground","485",105,130,120,45,45,40,1,"False"
"127","rock","495",75,125,100,70,80,45,3,"False"
"128","grass","525",80,82,83,100,100,80,1,"False"
"129","water","535",100,110,90,85,90,60,3,"False"
"130","fire","499",78,81,71,74,69,126,6,"False"
"131","fire","410",50,50,120,80,80,30,2,"False"
"132","psychic","466",74,48,76,83,81,104,6,"False"
"133","fire","507",86,68,72,109,66,106,6,"False"
"134","grass","525",65,110,130,60,65,95,4,"False"
"135","flying","245",40,30,35,45,40,55,6,"False"
"136","fairy","720",92,170,115,80,115,148,8,"True"
"137","electric","610",90,95,105,165,110,45,2,"False"
"138","dragon","700",125,120,90,170,100,95,5,"True"
"139","water","220",40,30,30,40,50,30,3,"False"
"140","dark","520",70,90,101,60,81,95,8,"False"
"141","rock","521",123,77,72,99,92,58,6,"False"
"142","water","325",30,105,90,25,25,50,1,"False"
"143","dragon","700",95,145,130,120,90,120,3,"False"
"144","dark","490",65,125,100,60,70,70,5,"False"
"145","normal","515",110,85,95,80,95,50,4,"False"
"146","normal","670",110,160,110,80,110,100,4,"True"
"147","fire","555",90,110,80,100,80,95,1,"False"
"148","ice","535",71,95,85,110,95,79,5,"False"
"149","bug","464",60,55,60,95,70,124,7,"False"
"150","rock","570",109,53,47,127,131,103,7,"False"
"151","psychic","580",90,85,85,125,100,95,8,"True"
"152","bug","600",71,120,95,120,95,99,5,"True"
"153","poison","474",80,95,82,60,82,75,5,"False"
"154","ground","510",72,107,125,65,70,71,8,"False"
"155","water","308",55,55,45,63,45,45,5,"False"
"156","rock","495",97,165,60,65,50,58,4,"False"
"157","psychic","754",97,167,97,167,97,129,7,"True"
"158","grass","480",90,100,60,90,60,80,3,"False"
"159","water","530",70,85,65,125,65,120,8,"False"
"160","steel","700",80,145,150,105,110,110,3,"False"
"161","bug","395",60,45,50,90,80,70,1,"False"
"162","fighting","338",47,82,57,42,47,63,7,"False"
"163","ice","580",80,145,130,65,110,30,8,"True"
"164","water","320",50,54,54,66,56,40,7,"False"
"165","water","340",30,45,55,70,55,85,1,"False"
"166","fairy","483",95,70,73,95,90,60,1,"False"
"167","psychic","476",75,70,70,98,70,93,7,"False"
"168","normal","220",100,5,5,15,65,30,4,"False"
"169","water","640",95,155,109,70,130,81,1,"False"
"170","water","345",45,20,50,60,120,50,4,"False"
"171","dragon","300",45,50,35,55,75,40,6,"False"
"172","water","300",40,50,40,40,40,90,1,"False"
"173","ghost","495",60,60,60,115,105,105,4,"False"
"174","psychic","425",67,57,55,77,55,114,5,"False"
"175","poison","467",100,73,83,73,83,55,3,"False"
"176","electric","360",45,63,37,65,55,95,2,"False"
"177","grass","600",100,103,75,120,75,127,4,"True"
"178","ghost","476",75,70,70,98,70,93,7,"False"
"179","water","470",165,75,80,40,45,65,5,"False"
"180","electric","505",90,100,90,80,70,75,8,"False"
"181","grass","570",70,130,115,45,95,75,7,"True"
"182","normal","440",60,90,70,60,120,40,3,"False"
"183","grass","489",74,94,131,54,116,20,5,"False"
"184","ground","600",89,145,90,105,80,91,5,"True"
"185","steel","440",60,80,95,70,85,50,5,"False"
"186","water","540",95,60,79,100,125,81,3,"False"
"187","ghost","303",38,30,85,55,65,30,5,"False"
"188","bug","390",65,65,45,75,45,95,2,"False"
"189","steel","520",60,50,150,50,150,60,6,"False"
"190","normal","420",70,70,70,70,70,70,3,"False"
"191","fire","305",60,60,40,65,45,35,3,"False"
"192","fairy","270",45,40,40,50,61,34,8,"False"
"193","fighting","410",60,60,75,60,75,80,3,"False"
"194","ground","330",68,72,78,38,42,32,4,"False"
"195","electric","485",60,85,50,95,85,110,7,"False"
"196","normal","580",65,136,94,54,96,135,4,"False"
"197","steel","600",100,100,100,100,100,100,3,"True"
"198","dark","580",90,85,90,100,125,90,8,"True"
"199","poison","500",105,105,75,65,100,50,1,"False"
"200","ground","430",65,75,105,35,65,85,2,"False"
"201","fire","534",75,69,72,114,100,104,6,"False"
"202","normal","395",65,60,70,85,75,40,1,"False"
"203","psychic","618",68,165,95,65,115,110,4,"False"
"204","water","430",95,85,85,65,65,35,2,"False"
"205","steel","600",80,135,130,95,90,70,3,"False"
"206","poison","490",65,90,120,85,70,60,1,"False"
"207","ghost","309",43,70,48,50,60,38,6,"False"
"208","ice","299",38,41,40,50,65,65,7,"False"
"209","dragon","410",68,90,65,50,55,82,4,"False"
"210","electric","280",55,40,40,65,45,35,2,"False"
"211","steel","465",65,80,140,40,70,70,2,"False"
"212","fire","525",65,130,60,95,110,65,1,"False"
"213","water","580",91,72,90,129,90,108,5,"True"
"214","normal","458",73,115,60,60,60,90,3,"False"
"215","electric","295",45,60,32,50,32,76,5,"False"
"216","fighting","480",80,107,90,70,80,42,8,"False"
"217","steel","500",122,130,69,80,69,30,8,"False"
"218","normal","355",55,85,50,40,50,75,7,"False"
"219","psychic","780",106,190,100,154,100,130,1,"True"
"220","water","640",72,145,67,153,71,132,6,"False"
"221","electric","502",75,98,70,114,70,75,8,"False"
"222","fire","540",75,95,67,125,95,83,4,"False"
"223","grass","531",123,100,62,97,81,68,6,"False"
"224","rock","570",61,131,211,53,101,13,7,"False"
"225","fire","525",100,115,65,90,90,65,8,"False"
"226","ice","485",70,50,30,95,135,105,5,"False"
"227","normal","430",60,85,60,50,50,125,3,"False"
"228","fire","570",53,127,53,151,79,107,7,"False"
"229","water","770",100,150,90,180,160,90,3,"True"
"230","bug","474",70,80,102,80,102,40,4,"False"
"231","normal","270",115,45,20,45,25,20,1,"False"
"232","steel","420",60,75,100,55,80,50,3,"False"
"233","grass","498",75,98,63,98,63,101,5,"False"
"234","normal","280",60,60,60,35,35,30,3,"False"
"235","fire","250",40,40,40,70,40,20,2,"False"
"236","water","430",65,95,75,55,55,85,2,"False"
"237","bug","310",45,53,70,40,60,42,5,"False"
"238","water","270",40,30,30,55,30,85,3,"False"
"239","ghost","310",30,35,30,100,35,80,1,"False"
"240","normal","415",85,76,64,45,55,90,2,"False"
"241","fire","316",50,53,48,53,48,64,5,"False"
"242","normal","475",80,100,70,60,70,95,5,"False"
"243","bug","205",50,35,55,15,25,15,3,"False"
"244","normal","472",65,80,60,65,90,102,6,"False"
"245","poison","690",60,85,95,145,95,130,8,"True"
"246","dragon","600",108,130,95,80,85,102,4,"False"
"247","fighting","720",80,130,145,80,145,128,8,"True"
"248","electric","580",79,105,70,145,80,101,5,"True"
"249","steel","600",135,143,143,80,65,34,0,"True"
"250","water","460",69,69,76,69,86,91,4,"False"
"251","dragon","540",76,147,90,60,70,97,5,"False"
"252","grass","400",50,60,45,100,80,65,3,"False"
"253","grass","515",60,70,65,125,105,90,4,"False"
"254","bug","390",55,35,50,55,110,85,2,"False"
"255","ground","315",52,57,75,35,50,46,8,"False"
"256","ground","292",50,72,35,35,35,65,5,"False"
"257","ground","300",40,40,55,40,70,55,3,"False"
"258","ice","514",95,117,184,44,46,28,6,"False"
"259","fire","315",70,90,45,15,45,50,5,"False"
"260","water","450",80,92,65,65,80,68,1,"False"
"261","electric","570",83,89,71,173,71,83,7,"False"
"262","ground","303",38,55,85,30,65,30,8,"False"
"263","electric","520",50,65,107,105,107,86,4,"False"
"264","psychic","265",42,30,45,56,53,39,8,"False"
"265","bug","335",50,35,80,50,90,30,8,"False"
"266","poison","535",85,90,80,70,80,130,2,"False"
"267","bug","400",65,47,55,73,75,85,3,"False"
"268","normal","352",52,90,55,58,62,60,1,"False"
"269","psychic","600",80,110,60,150,130,70,6,"True"
"270","normal","270",42,40,55,40,45,48,8,"False"
"271","fire","505",73,76,75,81,100,100,1,"False"
"272","steel","330",72,80,49,40,49,40,8,"False"
"273","poison","320",48,44,40,71,40,77,7,"False"
"274","grass","594",90,132,105,132,105,30,4,"False"
"275","ground","351",60,82,45,45,45,74,5,"False"
"276","dark","330",40,65,40,80,40,65,5,"False"
"277","psychic","680",97,85,80,165,100,150,8,"True"
"278","rock","385",35,45,160,30,45,70,1,"False"
"279","rock","240",30,40,50,40,50,30,8,"False"
"280","psychic","490",70,55,95,95,110,65,5,"False"
"281","electric","431",67,58,57,81,67,101,6,"False"
"282","water","345",35,64,85,74,55,32,3,"False"
"283","rock","495",80,120,130,55,65,45,1,"False"
"284","rock","600",50,100,150,100,150,50,6,"True"
"285","dragon","270",28,60,30,40,30,82,8,"False"
"286","grass","525",80,82,100,110,100,80,2,"False"
"287","psychic","198",28,25,25,45,35,40,3,"False"
"288","fire","470",70,85,140,85,70,20,3,"False"
"289","dark","340",45,85,70,40,40,60,5,"False"
"290","ghost","435",60,60,60,85,85,85,2,"False"
"291","normal","490",90,60,80,90,110,60,7,"False"
"292","electric","405",60,50,40,85,75,95,3,"False"
"293","psychic","475",60,65,55,105,95,95,8,"False"
"294","bug","495",65,150,40,15,80,145,1,"False"
"295","dragon","700",80,130,100,160,120,110,3,"True"
"296","ghost","405",45,50,45,115,55,95,1,"False"
"297","normal","490",72,80,100,60,90,88,8,"False"
"298","grass","464",114,85,70,85,80,30,5,"False"
"299","electric","580",80,100,50,100,50,200,8,"True"
"300","steel","430",60,90,140,50,50,40,3,"False"
"301","electric","490",65,83,57,95,85,105,1,"False"
"302","ice","410",90,60,70,75,70,45,3,"False"
"303","water","485",90,115,90,48,68,74,8,"False"
"304","psychic","470",65,75,70,95,70,95,2,"False"
"305","ground","500",60,70,105,70,120,75,3,"False"
"306","bug","244",30,30,42,30,42,70,4,"False"
"307","grass","485",70,110,80,95,60,70,8,"False"
"308","fighting","305",40,80,35,35,45,70,1,"False"
"309","grass","260",40,40,80,40,40,20,8,"False"
"310","poison","500",70,90,110,60,75,95,4,"False"
"311","psychic","600",50,180,20,180,20,150,3,"True"
"312","water","490",61,123,60,60,50,136,8,"False"
"313","grass","340",70,70,40,60,40,60,3,"False"
"314","fire","630",80,160,80,130,80,100,3,"False"
"315","grass","405",75,89,85,55,65,36,4,"False"
"316","electric","502",75,98,70,114,70,75,8,"False"
"317","water","485",100,90,130,45,65,55,3,"False"
"318","psychic","315",90,65,65,40,40,15,8,"False"
"319","grass","405",50,65,45,85,65,95,3,"False"
"320","rock","362",58,89,77,45,45,48,6,"False"
"321","ice","330",45,55,45,65,45,75,2,"False"
"322","dragon","485",77,120,90,60,90,48,5,"False"
"323","psychic","580",75,125,70,125,70,115,4,"True"
"324","dark","600",75,90,90,140,90,115,2,"False"
"325","water","330",75,38,38,56,56,67,2,"False"
"326","normal","300",55,50,40,40,40,75,5,"False"
"327","normal","465",73,95,62,85,65,85,2,"False"
"328","fire","528",110,123,65,100,65,65,5,"False"
"329","normal","545",103,60,126,80,126,50,5,"False"
"330","electric","505",90,100,90,90,80,55,8,"False"
"331","electric","510",90,75,85,115,90,55,2,"False"
"332","water","314",41,56,40,62,44,71,6,"False"
"333","grass","480",70,105,90,80,90,45,7,"False"
"334","normal","262",40,60,30,31,31,70,1,"False"
"335","psychic","570",70,85,75,82,115,95,7,"True"
"336","water","400",130,70,35,70,35,60,3,"False"
"337","ice","185",30,25,35,45,30,20,8,"False"
"338","dark","370",65,60,45,75,55,70,8,"False"
"339","normal","440",65,70,60,65,65,115,1,"False"
"340","fighting","505",90,130,80,65,85,55,1,"False"
"341","dark","253",30,56,35,25,35,72,7,"False"
"342","steel","325",45,80,100,35,37,28,6,"False"
"343","water","200",20,10,55,15,20,80,1,"False"
"344","fighting","385",60,90,60,53,50,72,8,"True"
"345","dragon","680",100,150,120,120,100,90,5,"True"
"346","electric","325",25,35,70,95,55,45,1,"False"
"347","fire","307",40,45,40,62,60,60,6,"False"
"348","water","528",95,100,85,108,70,70,5,"False"
"349","dragon","600",80,90,80,130,110,110,3,"True"
"350","normal","440",80,80,80,55,55,90,3,"False"
"351","dragon","600",90,100,70,110,150,80,6,"False"
"352","water","280",41,63,40,40,30,66,8,"False"
"353","grass","390",65,90,50,85,45,55,1,"False"
"354","normal","265",35,75,30,30,30,65,7,"False"
"355","water","500",170,90,45,90,45,60,3,"False"
"356","normal","360",60,60,60,60,60,60,3,"False"
"357","fighting","455",50,120,53,35,110,87,1,"False"
"358","normal","340",70,75,50,45,50,50,7,"False"
"359","electric","275",35,55,40,45,40,60,5,"False"
"360","fairy","670",92,130,115,80,115,138,8,"True"
"361","fairy","371",54,45,47,75,98,52,6,"False"
"362","bug","385",60,50,70,50,90,65,3,"False"
"363","fire","530",80,116,75,65,75,119,8,"False"
"364","fire","410",50,85,55,65,65,90,1,"False"
"365","fire","534",78,84,78,109,85,100,1,"False"
"366","normal","358",62,77,62,50,42,65,5,"False"
"367","normal","360",84,71,43,71,43,48,3,"False"
"368","normal","423",85,56,77,50,77,78,6,"False"
"369","psychic","470",80,45,65,90,110,80,3,"False"
"370","ice","580",80,50,100,100,200,50,3,"True"
"371","normal","237",38,36,38,32,36,57,6,"False"
"372","normal","413",55,81,60,50,70,97,1,"False"
"373","fire","420",65,86,60,55,60,94,8,"False"
"374","fighting","510",65,125,60,95,60,105,5,"False"
"375","blastoise","530",79,83,100,85,105,78,1,"False"
"376","water","468",63,120,85,90,55,55,3,"False"
"377","dark","455",130,58,58,87,92,90,8,"False"
"378","water","288",50,48,43,46,41,60,3,"False"
"379","dragon","700",80,100,120,140,150,110,3,"True"
"380","dragon","590",75,110,110,110,105,80,3,"False"
"381","normal","278",45,50,43,40,38,62,6,"False"
"382","dark","505",100,125,52,65,52,71,4,"False"
"383","psychic","425",65,50,70,95,80,65,3,"False"
"384","dark","482",86,92,88,68,75,73,6,"False"
"385","grass","535",100,100,125,110,50,50,4,"False"
"386","psychic","680",106,110,90,154,90,130,1,"True"
"387","ground","471",109,66,84,81,99,32,5,"False"
"388","dragon","410",68,80,50,60,50,102,8,"False"
"389","ghost","335",59,66,70,44,55,41,6,"False"
"390","ice","305",36,50,50,65,60,44,5,"False"
"391","electric","475",70,75,60,105,60,105,3,"False"
"392","water","475",90,70,80,70,95,70,1,"False"
"393","fire","460",70,100,70,105,75,40,3,"False"
"394","water","335",55,40,50,65,85,40,5,"False"
"395","psychic","600",100,100,100,100,100,100,2,"True"
"396","psychic","336",48,72,48,72,48,48,2,"False"
"397","electric","263",45,65,34,40,34,45,4,"False"
"398","fire","530",80,116,75,65,75,119,8,"False"
"399","poison","273",46,57,40,40,40,50,1,"False"
"400","dark","240",38,30,41,30,41,60,8,"False"
"401","rock","300",40,80,100,30,30,20,1,"False"
"402","fire","500",65,100,70,80,80,105,1,"False"
"403","ice","305",45,30,15,85,65,65,2,"False"
"404","fire","634",78,104,78,159,115,100,1,"False"
"405","grass","530",88,107,122,74,75,64,6,"False"
"406","psychic","680",97,113,109,157,127,77,7,"True"
"407","fighting","550",100,130,100,63,60,97,8,"True"
"408","psychic","330",60,25,35,70,80,60,3,"False"
"409","ground","303",59,74,50,35,50,35,5,"False"
"410","fire","369",62,50,58,73,54,72,6,"False"
"411","bug","260",30,45,59,30,39,57,5,"False"
"412","grass","420",78,75,75,70,70,52,7,"False"
"413","water","560",70,140,70,110,65,105,3,"False"
"414","psychic","510",57,90,95,136,103,29,8,"False"
"415","fire","534",78,84,78,109,85,100,1,"False"
"416","normal","488",80,115,80,65,55,93,5,"False"
"417","normal","455",70,80,65,90,65,85,2,"False"
"418","normal","390",135,85,40,40,85,5,4,"False"
"419","electric","580",90,85,75,115,100,115,2,"True"
"420","steel","600",80,95,115,125,115,65,7,"True"
"421","grass","250",44,40,60,40,60,10,8,"False"
"422","ice","450",100,100,80,60,60,50,2,"False"
"423","bug","550",85,60,65,135,105,100,5,"False"
"424","steel","610",75,125,230,55,95,30,2,"False"
"425","bug","290",50,65,90,35,35,15,2,"False"
"426","psychic","390",60,45,70,75,85,55,5,"False"
"427","normal","262",60,30,30,36,56,50,2,"False"
"428","psychic","618",68,85,65,165,135,100,3,"False"
"429","normal","310",35,85,45,35,35,75,1,"False"
"430","dragon","300",45,75,60,40,30,50,3,"False"
"431","electric","520",50,65,107,105,107,86,4,"False"
"432","psychic","292",76,25,45,67,55,24,5,"False"
"433","poison","438",60,85,69,65,79,80,1,"False"
"434","steel","448",59,110,150,45,49,35,6,"False"
"435","steel","535",70,95,115,120,50,85,8,"False"
"436","water","250",70,20,50,20,50,40,2,"False"
"437","psychic","313",55,45,43,55,43,72,5,"False"
"438","normal","490",95,80,105,40,70,100,2,"False"
"439","dark","348",50,75,70,35,70,48,5,"False"
"440","normal","600",100,128,90,77,77,128,5,"True"
"441","normal","370",65,80,65,35,65,60,5,"False"
"442","rock","495",80,120,130,55,65,45,7,"False"
"443","bug","400",65,73,55,47,75,85,3,"False"
"444","psychic","680",126,165,150,85,130,50,8,"True"
"445","normal","288",48,48,48,48,48,48,1,"False"
"446","fire","305",50,65,45,50,50,45,8,"False"
"447","normal","470",75,95,60,65,60,115,5,"False"
"448","water","420",100,50,80,60,80,50,2,"False"
"449","psychic","680",80,160,60,170,130,80,6,"True"
"450","electric","535",70,70,115,130,90,60,4,"False"
"451","electric","320",35,55,40,50,50,90,1,"False"
"452","bug","515",86,76,86,116,56,95,4,"False"
"453","fire","365",45,75,37,70,55,83,2,"False"
"454","bug","395",60,45,50,90,80,70,1,"False"
"455","steel","530",70,110,180,60,60,50,3,"False"
"456","poison","300",48,61,40,61,40,50,4,"False"
"457","dark","446",64,88,50,88,50,106,5,"False"
"458","grass","250",35,35,40,35,55,50,2,"False"
"459","ghost","483",58,50,145,95,105,30,5,"False"
"460","rock","495",70,60,125,115,70,55,1,"False"
"461","dark","510",60,105,60,120,60,105,5,"False"
"462","water","305",45,90,20,65,20,65,3,"False"
"463","water","475",55,130,115,50,50,75,1,"False"
"464","fighting","210",35,35,35,35,35,35,2,"False"
"465","normal","380",70,65,65,55,55,70,3,"False"
"466","rock","355",30,80,90,55,45,55,1,"False"
"467","rock","600",100,134,110,95,100,61,2,"False"
"468","water","413",75,75,60,83,60,60,5,"False"
"469","water","468",110,78,73,76,71,60,3,"False"
"470","ground","510",75,95,125,45,75,95,4,"False"
"471","fighting","510",60,100,85,80,85,100,3,"False"
"472","electric","320",35,55,40,50,50,90,1,"False"
"473","grass","290",52,40,48,40,48,62,7,"False"
"474","grass","630",70,110,75,145,85,145,3,"False"
"475","dark","600",105,120,105,70,95,105,8,"True"
"476","normal","460",60,110,70,60,60,100,1,"False"
"477","rock","306",42,52,67,39,56,50,6,"False"
"478","psychic","310",20,25,45,70,90,60,4,"False"
"479","ice","300",50,50,50,50,50,50,3,"False"
"480","fire","580",90,100,90,125,85,90,1,"True"
"481","rock","350",67,125,40,30,30,58,4,"False"
"482","electric","436",58,95,58,70,58,97,8,"False"
"483","rock","567",75,140,65,112,65,110,5,"False"
"484","fighting","455",65,105,60,60,70,95,1,"False"
"485","fighting","405",85,105,85,40,50,40,5,"False"
"486","fighting","348",67,82,62,46,48,43,6,"False"
"487","ghost","520",60,55,90,145,90,80,5,"False"
"488","fire","309",39,52,43,60,50,65,1,"False"
"489","water","525",50,95,180,85,45,70,1,"False"
"490","poison","365",61,72,57,55,55,65,1,"False"
"491","psychic","600",50,70,160,70,160,90,3,"True"
"492","grass","490",75,80,95,90,100,50,2,"False"
"493","water","340",60,50,50,60,70,50,3,"False"
"494","normal","540",160,110,65,65,110,30,1,"False"
"495","rock","440",60,60,100,60,100,60,7,"False"
"496","water","316",50,53,48,53,48,64,5,"False"
"497","electric","515",85,115,80,105,80,50,5,"False"
"498","rock","495",60,115,105,65,70,80,1,"False"
"499","rock","515",80,105,65,60,75,130,1,"False"
"500","ice","530",110,80,90,95,90,65,3,"False"
"501","fighting","465",120,100,85,30,85,45,5,"False"
"502","grass","530",78,107,75,100,100,70,7,"False"
"503","poison","245",40,45,35,30,40,55,1,"False"
"504","grass","320",45,50,55,75,65,30,1,"False"
"505","normal","500",120,125,80,55,60,60,7,"False"
"506","ground","519",95,117,80,65,70,92,5,"False"
"507","bug","360",55,85,55,50,55,60,5,"False"
"508","electric","289",44,38,33,61,43,70,6,"False"
"509","normal","411",76,65,45,92,42,91,4,"False"
"510","bug","315",50,75,45,40,45,60,5,"False"
"511","ice","470",75,80,110,65,90,50,8,"False"
"512","dragon","600",91,134,95,100,100,80,1,"False"
"513","grass","460",75,55,70,55,95,110,2,"False"
"514","psychic","260",95,23,48,23,48,23,3,"False"
"515","water","210",55,45,45,25,25,15,2,"False"
"516","dragon","600",75,110,125,100,105,85,7,"False"
"517","water","320",45,67,60,35,50,63,1,"False"
"518","fire","530",80,120,70,110,70,80,3,"False"
"519","bug","500",70,110,80,55,80,105,1,"False"
"520","ice","480",80,80,80,80,80,80,3,"False"
"521","water","320",50,52,48,65,50,55,1,"False"
"522","bug","384",77,85,51,55,51,65,4,"False"
"523","steel","520",60,100,115,70,85,90,5,"False"
"524","steel","680",100,120,120,150,100,90,4,"True"
"525","grass","405",61,78,95,56,58,57,6,"False"
"526","grass","300",50,75,35,70,30,40,1,"False"
"527","normal","445",103,60,86,60,86,50,5,"False"
"528","steel","630",70,140,230,60,80,50,3,"False"
"529","grass","220",40,40,50,30,30,30,3,"False"
"530","bug","265",40,20,30,40,80,55,2,"False"
"531","water","440",55,65,95,95,45,85,1,"False"
"532","water","485",55,104,105,94,75,52,3,"False"
"533","rock","410",70,100,115,30,65,30,2,"False"
"534","ghost","485",50,92,108,92,108,35,4,"False"
"535","ground","520",80,100,80,65,80,100,3,"False"
"536","fairy","218",50,25,28,45,55,15,2,"False"
"537","bug","390",70,90,70,60,60,40,2,"False"
"538","psychic","600",50,150,50,150,50,150,3,"True"
"539","water","600",100,100,100,100,100,100,4,"True"
"540","fire","495",65,95,57,100,85,93,1,"False"
"541","bug","395",65,90,40,45,80,75,1,"False"
"542","ghost","335",49,66,70,44,55,51,6,"False"
"543","water","314",53,51,53,61,56,40,4,"False"
"544","dark","488",65,90,115,45,115,58,5,"False"
"545","water","500",80,82,78,95,80,85,1,"False"
"546","water","330",55,65,35,60,30,85,4,"False"
"547","bug","424",70,94,50,94,50,66,4,"False"
"548","ground","510",72,107,125,65,70,71,8,"False"
"549","dark","370",70,55,75,45,65,60,5,"False"
"550","ice","525",65,60,110,130,95,65,4,"False"
"551","grass","454",74,100,72,90,72,46,4,"False"
"552","fire","540",105,30,105,140,105,55,5,"False"
"553","dragon","410",66,117,70,40,50,67,5,"False"
"554","normal","350",55,66,44,44,56,85,4,"False"
"555","electric","435",48,101,95,91,85,15,8,"False"
"556","ghost","335",44,66,70,44,55,56,6,"False"
"557","electric","580",79,115,70,125,80,111,5,"True"
"558","fairy","405",55,40,85,80,105,40,2,"False"
"559","bug","195",45,45,35,30,30,20,3,"False"
"560","fire","485",85,78,135,91,85,36,7,"False"
"561","steel","500",67,89,116,79,116,33,4,"False"
"562","dark","220",35,55,35,30,30,35,3,"False"
"563","flying","495",70,87,105,53,85,67,8,"False"
"564","ghost","348",90,50,34,60,44,70,4,"False"
"565","normal","415",100,70,70,65,65,45,2,"False"
"566","ghost","480",85,75,110,100,75,35,7,"False"
"567","dragon","300",41,64,45,50,50,50,1,"False"
"568","bug","530",75,125,140,60,90,40,7,"False"
"569","fairy","341",62,48,66,59,57,49,6,"False"
"570","electric","490",69,90,60,90,60,121,8,"False"
"571","grass","420",70,85,70,55,60,80,8,"False"
"572","fire","382",62,73,55,56,52,84,6,"False"
"573","bug","405",60,95,80,60,80,30,1,"False"
"574","ice","304",55,69,85,32,35,28,6,"False"
"575","dragon","708",216,100,121,91,95,85,6,"True"
"576","normal","534",95,95,95,95,95,59,7,"False"
"577","normal","253",30,56,35,25,35,72,1,"False"
"578","normal","570",95,95,95,95,95,95,7,"False"
"579","psychic","780",106,150,70,194,120,140,1,"True"
"580","poison","325",80,80,50,40,50,25,7,"False"
"581","fire","530",95,115,90,80,90,60,7,"False"
"582","bug","465",75,90,140,60,60,40,2,"False"
"583","electric","205",20,40,15,35,35,60,2,"False"
"584","poison","275",55,47,52,40,40,41,1,"False"
"585","normal","420",78,70,61,50,61,100,3,"False"
"586","ice","250",50,50,40,30,30,50,2,"False"
"587","fighting","305",70,80,50,35,35,35,1,"False"
"588","grass","294",69,55,45,55,55,15,5,"False"
"589","electric","270",59,45,50,40,50,26,8,"False"
"590","water","475",55,130,115,50,50,75,1,"False"
"591","electric","428",55,75,60,75,60,103,5,"False"
"592","electric","405",60,45,70,45,90,95,4,"False"
"593","rock","355",45,95,50,40,50,75,3,"False"
"594","fairy","300",60,80,50,40,40,30,2,"False"
"595","psychic","355",60,48,54,63,60,68,6,"False"
"596","water","635",100,150,110,95,110,70,3,"False"
"597","bug","500",70,130,100,55,80,65,2,"False"
"598","psychic","200",43,29,31,29,31,37,7,"True"
"599","ghost","555",64,165,75,93,83,75,3,"False"
"600","water","530",95,74,74,126,116,60,7,"False"
"601","ice","460",50,65,65,90,90,100,8,"False"
"602","dark","405",60,85,42,85,42,91,2,"False"
"603","psychic","310",25,20,15,105,55,90,1,"False"
"604","poison","474",80,95,82,60,82,75,5,"False"
"605","water","308",43,80,65,50,35,35,3,"False"
"606","rock","362",77,59,50,67,63,46,6,"False"
"607","ground","425",35,100,60,50,70,110,7,"False"
"608","psychic","405",190,33,58,33,58,33,2,"False"
"609","normal","418",88,110,60,55,60,45,7,"False"
"610","grass","250",40,55,35,50,35,35,7,"False"
"611","ghost","455",64,115,65,83,63,65,3,"False"
"612","electric","600",70,112,75,102,80,143,7,"True"
"613","psychic","370",65,40,50,125,60,30,5,"False"
"614","bug","224",40,29,45,29,45,36,4,"False"
"615","grass","285",40,35,55,65,75,15,7,"False"
"616","ice","470",75,80,70,65,50,130,8,"False"
"617","rock","580",80,100,200,50,100,50,3,"True"
"618","rock","500",72,105,115,54,86,68,6,"False"
"619","ghost","494",65,90,122,58,75,84,6,"False"
"620","water","473",75,87,63,87,63,98,5,"False"
"621","water","680",90,120,100,150,120,100,4,"True"
"622","water","530",70,85,65,125,65,120,8,"False"
"623","fighting","285",40,70,40,35,40,60,4,"False"
"624","electric","465",50,60,95,120,70,70,1,"False"
"625","poison","365",70,62,67,55,55,56,1,"False"
"626","water","580",91,72,90,129,90,108,5,"True"
"627","normal","350",70,83,50,37,50,60,5,"False"
"628","water","175",45,20,20,25,25,40,7,"False"
"629","water","335",40,40,35,50,100,70,1,"False"
"630","normal","482",75,100,66,60,66,115,4,"False"
"631","normal","442",100,50,50,76,96,70,2,"False"
"632","electric","497",75,100,63,80,63,116,5,"False"
"633","grass","580",91,90,72,90,129,108,5,"True"
"634","water","310",50,70,50,50,50,40,3,"False"
"635","fairy","495",65,60,75,110,121,64,8,"False"
"636","ground","670",100,150,140,80,90,90,3,"True"
"637","grass","600",100,100,100,100,100,100,4,"True"
"638","fairy","462",101,72,72,99,89,29,6,"False"
"639","bug","600",80,185,115,40,105,75,2,"False"
"640","ground","500",105,125,100,55,85,35,7,"False"
"641","ice","395",51,65,65,80,75,59,5,"False"
"642","fairy","245",35,20,65,40,65,20,2,"False"
"643","electric","580",90,90,85,125,90,100,1,"True"
"644","flying","580",79,115,70,125,80,111,5,"True"
"645","ghost","275",50,30,55,65,55,20,5,"False"
"646","ice","455",65,50,35,115,95,95,1,"False"
"647","ground","471",109,81,99,66,84,32,8,"False"
"648","psychic","580",75,75,130,75,130,95,4,"True"
"649","water","480",80,70,70,90,100,70,3,"False"
"650","fighting","550",100,130,100,63,60,97,8,"True"
"651","fire","310",45,60,40,70,50,45,3,"False"
"652","steel","580",91,90,129,90,72,108,5,"True"
"653","grass","405",60,62,63,80,80,60,1,"False"
"654","bug","495",80,70,40,100,60,145,5,"False"
"655","bug","500",80,125,75,40,95,85,2,"False"
"656","water","505",90,90,100,70,80,75,8,"False"
"657","fighting","550",100,130,100,63,60,97,8,"True"
"658","psychic","510",57,90,95,136,103,29,8,"False"
"659","ground","600",89,125,90,115,80,101,5,"True"
"660","steel","300",57,24,86,24,86,23,4,"False"
"661","ghost","680",150,120,100,120,100,90,4,"True"
"662","steel","330",50,70,100,40,40,30,3,"False"
"663","dragon","700",125,170,100,120,90,95,5,"True"
"664","bug","472",70,77,60,97,60,108,5,"False"
"665","psychic","600",100,100,100,100,100,100,1,"True"
"666","bug","205",50,35,55,25,25,15,3,"False"
"667","ice","505",73,67,75,81,100,109,7,"False"
"668","rock","440",70,95,85,55,65,70,3,"False"
"669","electric","520",50,65,107,105,107,86,4,"False"
"670","grass","335",50,85,40,85,40,35,3,"False"
"671","ground","525",108,112,118,68,72,47,4,"False"
"672","electric","502",75,98,70,114,70,75,8,"False"
"673","water","498",75,98,63,98,63,101,5,"False"
"674","electric","405",60,40,50,75,85,95,3,"False"
"675","normal","410",79,85,60,55,60,71,4,"False"
"676","ground","265",10,55,25,35,45,95,1,"False"
"677","psychic","680",97,157,127,150,109,77,7,"True"
"678","water","325",76,48,48,57,62,34,4,"False"
"679","fire","299",38,41,40,50,65,65,1,"False"
"680","ghost","494",75,95,122,58,75,69,6,"False"
"681","bug","325",50,65,85,35,35,55,5,"False"
"682","normal","210",90,30,15,40,20,15,2,"False"
"683","dark","565",65,150,60,115,60,115,3,"False"
"684","bug","305",50,40,85,40,65,25,5,"False"
"685","dragon","600",108,100,121,81,95,95,6,"True"
"686","grass","280",40,27,60,37,50,66,5,"False"
"687","water","490",95,75,80,99,110,30,2,"False"
"688","bug","213",45,22,60,27,30,29,6,"False"
"689","psychic","400",40,35,30,120,70,105,1,"False"
"690","normal","270",40,55,30,30,30,85,3,"False"
"691","rock","390",70,105,105,50,40,20,5,"False"
"692","normal","485",78,60,85,135,91,36,7,"False"
"693","grass","313",56,61,65,48,45,38,6,"False"
"694","normal","500",85,110,90,45,90,80,5,"False"
"695","dark","510",110,120,65,95,75,60,8,"False"
"696","fairy","480",82,80,86,85,75,72,6,"False"
"697","bug","600",65,155,120,65,90,105,1,"False"
"698","ghost","680",150,100,120,100,120,90,4,"True"
"699","electric","405",65,85,70,75,70,40,5,"False"
"700","rock","700",50,160,110,160,110,110,6,"True"
"701","dragon","700",108,170,115,120,95,92,4,"False"
"702","steel","510",75,85,200,55,65,30,2,"False"
"703","ground","385",70,100,70,45,55,45,7,"False"
"704","psychic","285",45,30,50,65,50,45,4,"False"
"705","bug","500",65,125,100,55,70,85,1,"False"
"706","normal","250",55,20,35,20,45,75,2,"False"
"707","fairy","680",126,131,95,131,98,99,6,"True"
"708","dragon","780",105,180,100,65,100,115,3,"True"
"709","steel","500",122,130,69,80,69,30,8,"False"
"710","bug","195",45,30,35,20,20,45,1,"False"
"711","normal","310",45,40,60,80,75,50,3,"False"
"712","rock","487",75,115,65,55,65,112,7,"False"
"713","water","460",125,58,58,76,76,67,2,"False"
"714","dragon","600",88,120,75,100,75,142,8,"False"
"715","grass","480",60,67,85,77,75,116,5,"False"
"716","grass","485",110,85,80,100,80,30,8,"False"
"717","steel","480",50,105,125,55,95,50,3,"False"
"718","fighting","280",30,40,55,40,55,60,3,"False"
"719","fighting","478",97,132,77,62,67,43,7,"False"
"720","rock","290",50,80,95,10,45,10,4,"False"
"721","normal","245",40,55,30,30,30,60,4,"False"
"722","water","490",95,75,110,100,80,30,1,"False"
"723","fighting","505",90,130,80,65,85,55,1,"False"
"724","ground","483",89,124,80,55,80,55,5,"False"
"725","psychic","518",68,125,65,65,115,80,4,"False"
"726","steel","300",52,65,65,55,35,34,0,"True"
"727","grass","180",30,30,30,30,30,30,2,"False"
"728","rock","515",85,135,130,60,80,25,5,"False"
"729","dark","600",70,90,90,135,90,125,4,"True"
"730","electric","525",65,65,60,110,95,130,1,"False"
"731","grass","625",80,100,123,122,120,80,1,"False"
"732","grass","310",50,65,50,40,40,65,8,"False"
"733","rock","700",100,164,150,95,120,71,2,"False"
"734","poison","505",81,102,77,85,75,85,1,"False"
"735","bug","505",60,45,110,80,120,90,8,"False"
"736","normal","460",120,95,95,55,75,20,8,"False"
"737","grass","460",99,68,83,72,87,51,3,"False"
"738","fairy","495",65,60,75,110,121,64,8,"False"
"739","water","620",45,140,130,140,135,30,7,"False"
"740","rock","521",82,121,119,69,59,71,6,"False"
"741","water","284",50,64,50,38,38,44,8,"False"
"742","bug","180",45,20,20,25,45,45,8,"False"
"743","grass","485",110,85,80,100,80,30,8,"False"
"744","water","590",95,75,180,130,80,30,1,"False"
"745","rock","510",110,80,120,80,90,30,8,"False"
"746","water","515",80,70,65,80,120,100,1,"False"
"747","ice","290",70,40,50,55,50,25,3,"False"
"748","normal","435",140,70,45,85,50,45,1,"False"
"749","ghost","508",60,65,65,134,114,70,8,"False"
"750","grass","318",55,68,64,45,55,31,4,"False"
"751","rock","350",30,42,118,42,88,30,4,"False"
"752","poison","325",80,80,50,40,50,25,1,"False"
"753","steel","520",60,150,50,150,50,60,6,"False"
"754","ground","770",100,180,160,80,90,90,3,"True"
"755","normal","240",64,51,23,51,23,28,3,"False"
"756","water","495",74,108,133,83,65,32,5,"False"
"757","poison","490",83,106,65,86,65,85,4,"False"
"758","dark","440",65,60,60,75,65,115,7,"False"
"759","ghost","517",70,131,100,86,90,40,7,"False"
"760","grass","530",70,85,65,105,85,120,3,"False"
"761","ground","483",58,95,145,50,105,30,8,"False"
"762","bug","400",57,82,95,55,75,36,7,"False"
"763","bug","319",50,47,50,57,50,65,5,"False"
"764","psychic","335",55,55,55,85,55,30,5,"False"
"765","water","495",85,105,55,85,50,115,4,"False"
"766","poison","540",73,73,73,95,73,121,7,"False"
"767","normal","480",65,76,84,54,96,105,4,"False"
"768","normal","490",95,110,95,40,95,55,5,"False"
"769","fire","418",90,93,55,70,55,55,5,"False"
"770","ice","480",70,80,70,80,70,110,4,"False"
"771","fighting","474",144,120,60,40,60,50,3,"False"
"772","flying","475",70,85,55,85,95,85,8,"False"
"773","water","460",70,120,40,95,40,95,3,"False"
"774","dark","510",85,120,65,95,75,60,8,"False"
"775","electric","520",50,65,107,105,107,86,4,"False"
"776","normal","360",55,70,55,40,55,85,2,"False"
"777","bug","205",50,20,55,25,25,30,1,"False"
"778","ice","450",75,100,120,25,65,65,7,"False"
"779","bug","195",40,35,30,20,20,50,1,"False"
"780","electric","523",80,120,79,95,79,70,4,"False"
"781","grass","308",45,45,55,45,55,63,5,"False"
"782","bug","269",40,30,32,50,52,65,3,"False"
"783","ice","300",50,75,90,10,35,40,7,"False"
"784","water","454",100,70,92,50,132,42,7,"False"
"785","normal","540",160,110,65,65,110,30,1,"False"
"786","fire","350",55,70,45,70,50,60,1,"False"
"787","normal","260",50,45,45,35,35,50,3,"False"
"788","grass","460",60,130,80,60,60,70,3,"False"
"789","psychic","410",50,85,55,65,65,90,8,"False"
"790","psychic","500",80,80,80,80,80,80,8,"True"
"791","ground","425",60,80,110,50,80,45,1,"False"
"792","ice","305",55,70,40,60,40,40,5,"False"
"793","bug","424",60,69,95,69,95,36,4,"False"
"794","electric","476",75,70,70,98,70,93,7,"False"
"795","psychic","490",110,65,75,125,85,30,5,"False"
"796","normal","670",150,160,100,95,65,100,3,"False"
"797","dark","525",95,65,110,60,130,65,2,"False"
"798","psychic","518",68,65,65,125,115,80,3,"False"
"799","fighting","600",90,125,80,110,90,125,7,"True"
"800","poison","305",50,53,62,43,52,45,7,"False"
"801","grass","520",95,95,85,125,65,55,1,"False"
"802","fire","680",106,130,90,110,154,90,2,"True"
"803","rock","390",55,95,115,45,45,35,7,"False"
"804","water","405",70,85,70,60,70,50,3,"False"
"805","normal","515",85,80,90,105,95,60,2,"False"
"806","bug","414",70,60,62,80,82,60,3,"False"
"807","bug","456",61,90,45,50,50,160,3,"False"
"808","psychic","328",60,48,45,43,90,42,1,"False"
"809","fire","634",78,130,111,130,85,100,1,"False"
"810","water","405",54,63,52,83,56,97,6,"False"
"811","dragon","300",45,55,65,45,45,45,7,"False"
"812","water","310",50,40,40,70,40,70,8,"False"
"813","electric","440",50,50,77,95,77,91,4,"False"
"814","psychic","600",97,107,101,127,89,79,7,"True"
"815","dragon","680",100,120,100,150,120,90,5,"True"
"816","psychic","290",45,30,40,105,50,20,5,"False"
"817","normal","275",45,60,45,25,45,55,5,"False"
"818","fairy","525",95,65,65,110,130,60,6,"False"
"819","psychic","278",38,35,35,65,55,50,3,"False"
"820","fire","309",44,58,44,58,44,61,4,"False"
"821","dark","510",110,65,105,55,95,80,5,"False"
"822","fighting","550",100,130,100,63,60,97,8,"True"
"823","fighting","465",75,125,75,30,75,85,5,"False"
"824","water","405",65,80,80,59,63,58,2,"False"
"825","dark","300",52,65,50,45,50,38,5,"False"
"826","psychic","600",120,70,120,75,130,85,4,"True"
"827","rock","495",60,52,168,47,138,30,4,"False"
"828","dark","288",53,54,53,37,46,45,6,"False"
"829","normal","510",100,123,75,57,75,80,5,"False"
"830","psychic","466",74,48,76,83,81,104,6,"False"
"831","water","540",75,95,95,95,95,85,2,"False"
"832","bug","395",60,70,50,55,50,65,3,"False"
"833","fighting","580",90,125,90,85,90,100,8,"True"
"834","rock","470",100,125,135,20,20,70,8,"False"
"835","dark","330",45,60,30,80,50,65,2,"False"
"836","ground","345",80,85,95,30,30,25,1,"False"
"837","water","530",85,105,100,79,83,78,2,"False"
"838","ground","500",90,120,120,60,60,50,2,"False"
"839","grass","510",72,120,98,50,98,72,7,"False"
"840","ghost","455",40,70,130,60,130,25,3,"False"
"841","grass","530",95,105,85,125,75,45,7,"False"
"842","bug","300",47,62,45,55,45,46,7,"False"
"843","ghost","370",60,40,60,95,60,55,5,"False"
"844","electric","435",54,98,63,40,73,96,7,"False"
"845","fire","405",64,78,52,78,52,81,4,"False"
"846","fairy","450",90,120,75,60,60,45,2,"False"
"847","poison","420",67,73,67,65,67,73,7,"False"
"848","poison","458",73,100,60,100,60,65,3,"False"
"849","normal","480",160,115,65,75,95,65,7,"False"
"850","rock","375",30,45,135,45,90,30,3,"False"
"851","ground","340",50,70,50,50,50,70,3,"False"
"852","bug","205",45,25,50,25,25,35,1,"False"
"853","ground","320",50,50,95,40,50,35,1,"False"
"854","flying","495",75,87,105,53,85,67,8,"False"
"855","poison","1125",50,115,250,125,250,130,8,"True"
"856","grass","325",60,40,80,60,45,40,1,"False"
"857","fighting","500",78,92,75,74,63,118,6,"False"
"858","water","475",75,105,70,70,70,92,7,"False"
"859","normal","264",50,55,50,36,30,43,5,"False"
"860","psychic","320",40,50,45,70,45,70,2,"False"
"861","steel","580",80,75,150,75,150,50,3,"True"
"862","grass","275",45,35,45,62,53,35,4,"False"
"863","poison","479",103,93,67,71,61,84,4,"False"
"864","water","510",90,95,95,70,90,70,1,"False"
"865","electric","570",70,115,85,95,75,130,7,"True"
"866","psychic","680",106,90,130,90,154,110,2,"True"
"867","water","330",43,30,55,40,65,97,3,"False"
"868","poison","320",50,60,60,60,60,30,6,"False"
"869","rock","525",60,55,145,75,150,40,4,"False"
"870","ghost","580",51,65,60,145,80,130,8,"True"
"871","normal","275",70,55,55,35,35,25,8,"False"
"872","bug","424",60,79,105,59,85,36,4,"False"
"873","fire","525",100,115,65,90,90,65,8,"False"
"874","poison","288",35,60,44,40,54,55,1,"False"
"875","normal","325",55,55,50,45,65,55,1,"False"
"876","dragon","452",68,75,53,83,113,60,6,"False"
"877","water","670",100,100,90,150,140,90,3,"True"
"878","fighting","505",105,140,95,55,65,45,5,"False"
"879","flying","365",65,67,55,43,55,77,8,"False"
"880","electric","436",58,95,58,70,58,97,8,"False"
"881","normal","579",83,80,80,135,80,121,1,"False"
"882","grass","435",65,55,115,100,40,60,1,"False"
"883","bug","230",25,35,40,20,30,80,7,"False"
"884","grass","320",68,55,55,50,50,42,7,"False"
"885","water","384",75,65,55,65,55,69,5,"False"
"886","dark","380",50,75,75,65,65,50,3,"False"
"887","ice","520",80,85,75,110,100,70,8,"False"
"888","dark","430",55,95,55,35,75,115,2,"False"
"889","grass","210",42,30,38,30,38,32,7,"False"
"890","steel","440",70,110,100,50,60,50,8,"False"
"891","water","485",55,84,105,114,75,52,3,"False"
"892","ground","508",110,135,60,50,65,88,5,"False"
"893","psychic","487",116,55,85,107,95,29,5,"False"
"894","water","300",35,65,35,65,35,65,2,"False"
"895","fighting","405",80,100,70,50,60,45,1,"False"
"896","normal","190",50,20,40,20,40,20,3,"False"
"897","dragon","420",65,95,100,60,50,50,3,"False"
"898","poison","500",105,105,75,65,100,50,7,"False"
"899","ghost","510",60,95,50,145,130,30,8,"False"
"900","normal","253",48,70,30,30,30,45,7,"False"
"901","steel","290",50,65,55,40,40,40,8,"False"
"902","psychic","600",100,100,100,100,100,100,5,"True"
"903","fighting","305",75,80,55,25,35,35,5,"False"
"904","ghost","335",54,66,70,44,55,46,6,"False"
"905","water","630",79,103,120,135,115,78,1,"False"
"906","dark","245",46,28,28,47,52,50,8,"False"
"907","ground","328",60,85,40,30,45,68,5,"False"
"908","grass","280",45,35,50,70,50,30,5,"False"
"909","psychic","400",43,29,131,29,131,37,7,"True"
"910","bug","505",20,10,230,10,230,5,2,"False"
"911","normal","251",40,45,40,35,35,56,1,"False"
"912","bug","475",70,95,125,65,75,45,5,"False"
"913","water","294",50,50,40,50,40,64,5,"False"
"914","psychic","580",80,105,105,105,105,80,4,"True"
"915","normal","479",83,80,75,70,70,101,1,"False"
"916","poison","495",50,63,152,53,142,35,7,"False"
"917","ice","315",70,90,45,15,45,50,8,"False"
"918","water","500",71,73,88,120,89,59,6,"False"
"919","bug","380",55,63,90,50,80,42,5,"False"
"920","water","530",72,95,67,103,71,122,6,"False"
"921","water","480",100,60,70,85,105,60,5,"False"
"922","psychic","370",57,40,65,86,73,49,8,"False"
"923","fire","476",75,70,70,98,70,93,7,"False"
"924","poison","505",90,92,87,75,85,76,1,"False"
"925","ice","580",80,120,80,120,80,100,3,"False"
"926","normal","490",75,100,95,40,70,110,1,"False"
"927","fighting","470",65,100,100,70,60,75,8,"False"
"928","dark","570",223,101,53,97,53,43,7,"False"
"929","water","509",105,95,75,85,75,74,5,"False"
"930","dragon","600",95,135,80,110,80,100,3,"False"
"931","bug","194",37,25,41,25,41,25,4,"False"
"932","dark","465",65,130,60,75,60,75,3,"False"
"933","normal","335",60,60,50,40,50,75,5,"False"
"934","water","330",49,49,56,49,61,66,4,"False"
"935","fighting","350",45,85,50,55,50,65,5,"False"
"936","ground","405",35,80,50,50,70,120,1,"False"
"937","electric","540",75,123,67,95,85,95,4,"False"
"938","water","200",20,15,20,10,55,80,3,"False"
"939","rock","615",80,135,85,70,95,150,1,"False"
"940","poison","490",95,65,80,65,110,30,8,"False"
"941","bug","500",77,70,90,145,75,43,7,"False"
"942","ghost","525",45,100,135,65,135,45,4,"False"
"943","psychic","483",85,73,70,73,115,67,1,"False"
"944","dark","420",70,90,70,60,60,70,3,"False"
"945","grass","450",70,60,70,87,78,85,4,"False"
"946","water","380",55,55,85,65,85,35,2,"False"
"947","grass","480",70,60,75,110,75,90,5,"False"
"948","grass","340",55,45,50,45,65,80,2,"False"
"949","bug","505",60,45,110,80,120,90,8,"False"
"950","electric","575",70,75,80,135,80,135,3,"False"
"951","dragon","680",105,150,90,125,90,95,3,"True"
"952","bug","570",107,139,139,53,53,79,7,"False"
"953","bug","600",70,150,140,65,100,75,2,"False"
"954","water","355",54,78,103,53,45,22,5,"False"
"955","bug","250",40,60,40,40,40,30,2,"False"
"956","fighting","377",52,95,55,58,62,55,8,"False"
"957","water","505",90,90,100,80,90,55,8,"False"
"958","water","330",50,53,62,58,63,44,6,"False"
"959","grass","525",80,82,83,100,100,80,1,"False"
"960","flying","245",46,47,35,33,35,57,8,"False"
"961","dark","600",105,120,105,70,95,105,8,"True"
"962","grass","460",55,50,90,80,120,60,8,"False"
"963","bug","570",71,137,37,137,37,151,7,"False"
"964","normal","485",80,120,75,75,75,60,7,"False"
"965","grass","318",45,49,49,65,65,45,1,NA
"966","fire","405",58,64,58,80,65,80,1,NA
"967","water","314",44,48,65,50,64,43,1,NA
"968","water","530",79,83,100,85,105,78,1,NA
"969","dark","413",75,71,70,40,80,77,7,NA
"970","ground","450",75,100,110,45,55,65,1,NA
"971","poison","455",75,80,70,65,75,90,1,NA
"972","grass","395",60,65,70,85,75,40,1,NA
"973","grass","490",75,80,85,110,90,50,1,NA
"974","bug","305",60,55,50,40,55,45,1,NA
"975","normal","290",40,45,35,40,40,90,1,NA
"976","grass","490",80,105,65,100,70,70,1,NA
"977","rock","300",40,80,100,30,30,20,7,NA
"978","rock","390",55,95,115,45,45,35,1,NA
"979","psychic","500",65,100,70,80,80,105,8,NA
"980","ghost","500",60,65,60,130,75,110,1,NA
"981","ghost","600",60,65,80,170,95,130,1,NA
"982","ghost","500",60,65,60,130,75,110,1,NA
"983","electric","330",40,30,50,55,55,100,1,NA
"984","fire","425",60,80,110,50,80,45,7,NA
"985","fighting","455",50,105,79,35,110,76,1,NA
"986","normal","385",90,55,75,60,75,30,1,NA
"987","normal","450",250,5,5,35,105,50,1,NA
"988","water","540",95,125,79,60,100,81,1,NA
"989","normal","325",55,55,50,45,65,55,1,NA
"990","water","525",130,65,60,110,95,65,1,NA
"991","rock","355",35,40,100,90,55,35,1,NA
"992","dragon","420",61,84,65,70,70,70,1,NA
"993","grass","318",45,49,65,49,65,45,2,NA
"994","fire","534",78,84,78,109,85,100,2,NA
"995","water","314",50,65,64,44,48,43,2,NA
"996","grass","425",75,75,55,105,85,30,2,NA
"997","psychic","525",65,65,60,130,95,110,2,NA
"998","ghost","380",60,55,100,65,100,30,8,NA
"999","water","465",65,40,70,80,140,70,2,NA
"1000","fighting","455",50,95,95,35,110,70,2,NA
"1001","normal","540",255,10,10,75,135,55,2,NA
"1002","fire","580",115,115,85,90,75,100,2,NA
"1003","fire","405",60,85,60,85,60,55,3,NA
"1004","dark","420",78,70,61,50,61,100,8,NA
"1005","grass","295",60,40,60,40,60,35,3,NA
"1006","bug","266",31,45,90,30,30,40,3,NA
"1007","normal","490",104,91,63,91,73,68,3,NA
"1008","fighting","237",72,60,30,20,30,25,3,NA
"1009","electric","295",40,45,40,65,40,65,3,NA
"1010","fire","560",70,120,100,145,105,20,3,NA
"1011","ground","290",45,100,45,45,45,10,3,NA
"1012","dragon","490",75,70,90,85,105,80,3,NA
"1013","rock","355",66,41,77,61,87,23,3,NA
"1014","ghost","295",20,40,90,30,90,25,3,NA
"1015","water","405",64,66,68,81,76,50,4,NA
"1016","water","530",84,86,88,111,101,60,4,NA
"1017","normal","340",55,75,50,40,40,80,4,NA
"1018","normal","485",85,120,70,50,60,100,4,NA
"1019","electric","363",60,85,49,60,49,60,4,NA
"1020","grass","280",40,30,35,50,70,55,4,NA
"1021","bug","424",60,59,85,79,105,36,4,NA
"1022","normal","310",49,55,42,42,37,85,4,NA
"1023","fighting","525",70,110,70,115,70,90,4,NA
"1024","poison","330",40,50,90,30,55,65,4,NA
"1025","grass","494",90,92,75,92,85,60,4,NA
"1026","dark","510",70,120,65,45,85,125,4,NA
"1027","ground","535",115,140,130,55,55,40,4,NA
"1028","fairy","545",85,50,95,120,115,80,4,NA
"1029","ice","530",110,130,80,70,60,80,4,NA
"1030","normal","535",85,80,70,135,75,90,4,NA
"1031","grass","413",60,60,75,60,75,83,5,NA
"1032","fire","308",65,63,45,45,45,45,5,NA
"1033","normal","255",45,55,39,35,39,42,5,NA
"1034","grass","316",50,53,48,53,48,64,5,NA
"1035","rock","280",55,75,85,25,25,15,5,NA
"1036","bug","360",40,55,99,40,79,47,5,NA
"1037","bug","485",60,100,89,55,69,112,5,NA
"1038","water","460",70,92,65,80,55,98,5,NA
"1039","fire","480",105,140,55,30,55,95,5,NA
"1040","rock","401",55,112,45,74,45,70,5,NA
"1041","poison","329",50,50,62,40,62,65,5,NA
"1042","water","305",62,44,50,44,50,55,5,NA
"1043","bug","495",70,135,105,60,105,20,5,NA
"1044","psychic","485",75,75,75,125,95,40,5,NA
"1045","bug","484",58,109,112,48,48,109,5,NA
"1046","dark","600",92,105,90,125,90,98,5,NA
"1047","dragon","660",125,130,90,130,90,95,5,NA
"1048","bug","411",80,52,50,90,50,89,6,NA
"1049","fairy","303",44,38,39,61,79,42,6,NA
"1050","grass","350",66,65,48,62,57,52,6,NA
"1051","fighting","495",95,124,78,69,71,58,6,NA
"1052","fairy","341",78,52,60,63,65,23,6,NA
"1053","rock","500",50,50,150,50,150,50,6,NA
"1054","steel","470",57,80,91,80,87,75,6,NA
"1055","ghost","474",85,110,76,65,82,56,6,NA
"1056","ghost","494",55,85,122,58,75,99,6,NA
"1057","dark","680",126,131,95,131,98,99,6,NA
"1058","fire","320",45,65,40,60,40,70,7,NA
"1059","rock","487",85,115,75,55,75,82,7,NA
"1060","rock","487",75,117,65,55,65,110,7,NA
"1061","poison","480",68,64,60,111,60,117,7,NA
"1062","rock","500",60,100,60,100,60,120,7,NA
"1063","ghost","476",95,90,80,50,105,96,7,NA
"1064","grass","530",100,125,90,60,70,85,8,NA
"1065","water","420",65,60,55,95,55,90,8,NA
"1066","rock","410",80,60,90,60,70,50,8,NA
"1067","grass","485",70,110,80,95,60,70,8,NA
"1068","fighting","507",62,135,95,68,82,65,8,NA
"1069","ice","475",70,65,60,125,90,65,8,NA
"1070","steel","535",70,95,115,120,50,85,8,NA
"1071","fighting","670",92,130,115,80,115,138,8,NA
"1072","dragon","580",200,100,50,100,50,80,8,NA
